Country,Median Salary,Inequality in Income,GDP per capita,Intensity of Deprivation Urban,Intensity of Deprivation Rural,Normalized Median Salary,Normalized Inequality in Income,Normalized GDP per capita,Normalized Intensity of Deprivation Urban,Normalized Intensity of Deprivation Rural,Poverty Index
Afghanistan,853.74,0.0,1934.56,45.8,53.6,0.9132031390585874,0.0,0.9874186546461803,0.8222621184919209,0.7712230215827338,3.4941069337794226
Aland Islands,3319.24,0.0,0.0,0.0,0.0,0.662544085188495,0.0,1.0,0.0,0.0,1.662544085188495
Albania,832.84,13.17898,11104.17,37.7,37.7,0.9153279714357462,0.23122640185276158,0.9277844069775427,0.6768402154398564,0.5424460431654676,3.2936250388713746
Algeria,1148.84,11.5052,14228.03,36.9,40.0,0.883201319226073,0.2018597796336585,0.9074684894061139,0.6624775583482944,0.5755395683453237,3.2305467149594636
American Samoa,1390.0,0.0,0.0,0.0,0.0,0.8586833969258048,0.0,1.0,0.0,0.0,1.8586833969258048
Andorra,3668.08,0.0,0.0,0.0,0.0,0.6270787011479177,0.0,1.0,0.0,0.0,1.6270787011479177
Angola,284.39,28.87733,7771.44,0.0,0.0,0.9710870296775033,0.5066553793248649,0.949458703510623,0.0,0.0,2.427201112512991
Antigua and Barbuda,1548.15,0.0,0.0,0.0,0.0,0.8426048208278306,0.0,1.0,0.0,0.0,1.8426048208278307
Argentina,110.28,28.099767,18556.38,0.0,0.0,0.9887882050453077,0.4930129658221629,0.8793192119672101,0.0,0.0,2.361120382834681
Armenia,1700.25,17.43837,11454.43,33.3,36.9,0.8271413277864025,0.3059577865113341,0.92550650294581,0.5978456014362656,0.5309352517985612,3.1873864704783736
Aruba,1106.15,0.0,0.0,0.0,0.0,0.8875414672730064,0.0,1.0,0.0,0.0,1.8875414672730064
Australia,4306.45,17.126,49830.8,0.0,0.0,0.5621777803533321,0.3004772264720331,0.6759270820976748,0.0,0.0,1.53858208892304
Austria,3572.94,14.93291,42988.07,0.0,0.0,0.6367512634619314,0.2619992631061829,0.7204285445971286,0.0,0.0,1.619179071165243
Azerbaijan,1558.82,8.859,16628.06,37.1,40.2,0.8415200379826495,0.1554319601375535,0.8918599756926452,0.6660682226211849,0.5784172661870504,3.1332974626210834
Bahamas,3541.0,0.0,0.0,0.0,0.0,0.6399984953340104,0.0,1.0,0.0,0.0,1.6399984953340105
Bahrain,3617.02,0.0,39498.77,0.0,0.0,0.6322697988119239,0.0,0.7431210888154951,0.0,0.0,1.375390887627419
Bangladesh,218.57,16.55655,4099.25,44.7,47.9,0.9777787266662397,0.29048617446838376,0.9733406666416934,0.8025134649910234,0.6892086330935252,3.733327665860865
Barbados,1395.0,33.58537775,11995.19,34.2,34.3,0.8581750638212213,0.5892585049828057,0.9219896886244493,0.6140035906642729,0.49352517985611505,3.4769520279488644
Belarus,849.5,9.64549,18727.32,0.0,0.0,0.9136342055312742,0.1692309986665731,0.8782075094742494,0.0,0.0,1.9610727136720967
Belgium,5729.39,10.30447,39756.2,0.0,0.0,0.41751227878614117,0.18079286265702857,0.7414469015406451,0.0,0.0,1.3397520429838148
Belize,1730.0,37.92633,0.0,37.9,39.9,0.8241167458141311,0.6654209067302969,1.0,0.6804308797127468,0.5741007194244604,3.744069251681635
Benin,488.25,31.97436,2220.18,46.79999999999999,50.20000000000001,0.9503612723374274,0.5609930521440101,0.9855611346623296,0.8402154398563733,0.7223021582733814,4.059433057273521
Bermuda,1440.0,0.0,0.0,0.0,0.0,0.8536000658799703,0.0,1.0,0.0,0.0,1.8536000658799703
Bhutan,407.26,19.95514103,0.0,39.5,44.2,0.9585952519654699,0.35011476296582217,1.0,0.7091561938958707,0.6359712230215828,3.6538374318487454
Bolivia,1131.5,26.863258,6695.77,0.0,0.0,0.8849642184327684,0.47131830303880967,0.9564542868767338,0.0,0.0,2.312736808348312
"Bolivia, Plurinational State of",0.0,0.0,0.0,39.4,44.4,1.0,0.0,1.0,0.7073608617594255,0.6388489208633094,3.346209782622735
Bosnia and Herzegovina,1151.35,20.16037,10460.52,36.5,38.0,0.8829461360075721,0.35371552389641375,0.9319703629246243,0.6552962298025135,0.5467625899280576,3.3706908425591813
Botswana,729.39,0.0,15842.13,0.0,0.0,0.9258453833695774,0.0,0.8969712447946258,0.0,0.0,1.8228166281642033
Brazil,1490.04,41.306376,14033.57,38.3,45.1,0.8485126681692994,0.7247241209909467,0.9087331534214476,0.6876122082585278,0.6489208633093525,3.818503014149574
British Indian Ocean Territory,2360.0,0.0,0.0,0.0,0.0,0.7600667746366181,0.0,1.0,0.0,0.0,1.760066774636618
Brunei,2110.29,0.0,0.0,0.0,0.0,0.7854539465457241,0.0,1.0,0.0,0.0,1.785453946545724
Bulgaria,1605.41,23.00311,18444.26,0.0,0.0,0.836783390114141,0.4035916555547758,0.8800483805849165,0.0,0.0,2.1204234262538333
Burkina Faso,485.02,17.31173505,1589.62,49.39999999999999,65.6,0.9506896555229883,0.3037359648045477,0.9896619602383286,0.8868940754039495,0.9438848920863309,4.0748665480561455
Burundi,384.78,20.92933,651.36,48.5,56.6,0.9608807176036771,0.36720699698224435,0.9957639023293855,0.8707360861759426,0.8143884892086332,4.008976192299882
Cabo Verde,0.0,0.0,0.0,0.0,0.0,1.0,0.0,1.0,0.0,0.0,2.0
Cambodia,745.19,14.34211,3628.56,39.4,44.5,0.9242390507590938,0.25163362341216927,0.9764017830943179,0.7073608617594255,0.6402877697841727,3.4999230888091795
Cameroon,633.27,34.98911,2888.05,45.6,56.0,0.9356175789720894,0.613887114885255,0.981217664766614,0.8186714542190305,0.8057553956834532,4.155149208526442
Canada,6311.03,17.077,44868.74,0.0,0.0,0.35837890539615924,0.2996175170187382,0.7081976710307526,0.0,0.0,1.36619409344565
Cape Verde,1706.29,0.0,6831.22,0.0,0.0,0.8265272613960657,0.0,0.955573392395211,0.0,0.0,1.7821006537912767
Cayman Islands,3430.97,0.0,0.0,0.0,0.0,0.6511848736334735,0.0,1.0,0.0,0.0,1.6511848736334735
Central African Republic,621.99,49.19459,623.49,49.7,57.8,0.9367643784560297,0.8631235525300021,0.9959451539292381,0.8922800718132855,0.8316546762589928,4.519767832987548
Chad,707.39,26.50219,2046.36,54.10000000000001,65.2,0.9280820490297446,0.46498333216366056,0.9866915671376216,0.9712746858168763,0.9381294964028778,4.289161130550781
Chile,1890.4,28.273047,22104.77,0.0,0.0,0.8078094198190944,0.49605317917046804,0.8562423779377457,0.0,0.0,2.1601049769273084
China,3684.93,27.391,13101.71,38.9,42.1,0.6253656185854717,0.4805775843918871,0.9147934733295457,0.6983842010771992,0.6057553956834533,3.324876273067557
Colombia,995.6,37.712196,13545.05,37.2,42.6,0.8987807122153462,0.6616639062390343,0.9119102266744084,0.6678635547576302,0.6129496402877698,3.753168040174189
Comoros,567.21,56.01338,1724.42,45.20000000000001,48.5,0.9423336759498459,0.9827598427959856,0.9887852930097625,0.8114901256732497,0.697841726618705,4.423210664047549
Congo,1058.67,30.99925,5714.59,0.0,0.0,0.8923685984341307,0.5438846585725314,0.962835357732257,0.0,0.0,2.399088614738919
Congo Democratic Republic,170.39,0.0,0.0,0.0,0.0,0.9826770244620057,0.0,1.0,0.0,0.0,1.9826770244620056
"Congo, Democratic Republic of the",0.0,0.0,0.0,47.0,55.1,1.0,0.0,1.0,0.8438061041292638,0.7928057553956834,3.636611859524947
"Congo, Republic of",0.0,0.0,0.0,42.79999999999999,47.5,1.0,0.0,1.0,0.7684021543985635,0.6834532374100719,3.4518553918086354
Cook Islands,2538.92,0.0,0.0,0.0,0.0,0.7418765828222044,0.0,1.0,0.0,0.0,1.7418765828222043
Costa Rica,4016.06,33.41354,14686.25,0.0,0.0,0.591700750401329,0.5862435960418274,0.9044884711755977,0.0,0.0,2.0824328176187543
Cote Divoire,497.91,0.0,0.0,0.0,0.0,0.9493791727793722,0.0,1.0,0.0,0.0,1.9493791727793721
Cote d'Ivoire,0.0,0.0,0.0,46.8,55.0,1.0,0.0,1.0,0.8402154398563734,0.7913669064748201,3.6315823463311934
Croatia,1935.48,12.9537,22012.31,0.0,0.0,0.8032262885481701,0.22727384377851076,0.8568436884121762,0.0,0.0,1.887343820738857
Cuba,783.33,0.0,8325.63,0.0,0.0,0.9203614858373314,0.0,0.9458545476397101,0.0,0.0,1.8662160334770415
Cyprus,1976.74,13.03255,27184.42,0.0,0.0,0.7990315237691477,0.22865727419468032,0.823207046427464,0.0,0.0,1.850895844391292
Czech Republic,2310.03,0.0,0.0,0.0,0.0,0.7651470556838249,0.0,1.0,0.0,0.0,1.765147055683825
Czechia,0.0,8.7672,0.0,0.0,0.0,1.0,0.15382132079444172,1.0,0.0,0.0,2.1538213207944414
Denmark,5084.99,10.05068,46312.34,0.0,0.0,0.4830262493048545,0.17634009404168713,0.6988092673871467,0.0,0.0,1.3581756107336882
Djibouti,1378.57,27.74495175,3295.68,46.6,52.9,0.8598454464028824,0.48678770001403604,0.9785666568854536,0.8366247755834829,0.7611510791366907,3.922975658022545
Dominica,496.3,0.0,9021.17,0.0,0.0,0.9495428560390481,0.0,0.9413311268373592,0.0,0.0,1.8908739828764074
Dominican Republic,318.89,25.628189,15912.4,37.2,41.0,0.9675795312558776,0.44964890518632883,0.8965142462326722,0.6678635547576302,0.5899280575539568,3.5715342949864657
East Timor,2030.0,0.0,0.0,0.0,0.0,0.7936167595391248,0.0,1.0,0.0,0.0,1.7936167595391248
Ecuador,1260.0,31.050541,10638.83,36.5,39.3,0.871900057644974,0.5447845638290406,0.9308107298866004,0.6552962298025135,0.5654676258992806,3.5682592070624084
Egypt,254.53,36.503,11957.21,36.8,38.5,0.9741227949780756,0.640448452522984,0.9222366902664444,0.6606822262118491,0.5539568345323741,3.7514469985117276
El Salvador,1470.0,22.481244,8598.2,40.3,41.8,0.8505500672524697,0.3944354691557302,0.9440818978882985,0.7235188509874326,0.6014388489208633,3.514025134204794
Equatorial Guinea,671.94,0.0,28528.95,0.0,0.0,0.9316861307412412,0.0,0.8144629411691255,0.0,0.0,1.7461490719103667
Eritrea,402.0,0.0,0.0,0.0,0.0,0.9591300183914917,0.0,1.0,0.0,0.0,1.9591300183914917
Estonia,2579.28,14.98963,27408.66,0.0,0.0,0.7377733180020069,0.262994420661099,0.821748709192051,0.0,0.0,1.822516447855157
Eswatini,0.0,37.9,0.0,0.0,0.0,1.0,0.6649589444873324,1.0,0.0,0.0,2.6649589444873323
Ethiopia,143.88,12.07582,1838.49,49.5,66.2,0.985372206582507,0.21187135939364166,0.9880434426331858,0.8886894075403949,0.9525179856115108,4.02649440176124
Faroe Islands,3484.42,0.0,0.0,0.0,0.0,0.6457507927454766,0.0,1.0,0.0,0.0,1.6457507927454766
Fiji,1939.13,0.0,0.0,0.0,0.0,0.8028552053818242,0.0,1.0,0.0,0.0,1.802855205381824
Finland,4238.9,10.48338,38896.7,0.0,0.0,0.5690453605962544,0.18393185486700822,0.7470366306426673,0.0,0.0,1.50001384610593
France,3769.56,13.91798,38515.92,0.0,0.0,0.6167615724572924,0.24419222401572038,0.7495130204593841,0.0,0.0,1.6104668169323968
French Guiana,2896.41,0.0,0.0,0.0,0.0,0.7055317825106979,0.0,1.0,0.0,0.0,1.705531782510698
French Polynesia,1133.75,0.0,0.0,0.0,0.0,0.8847354685357058,0.0,1.0,0.0,0.0,1.8847354685357058
Gabon,800.85,21.2138981,17613.56,40.7,44.8,0.918580286638871,0.37219977015930944,0.8854508098636249,0.7307001795332136,0.6446043165467625,3.551535362741782
Gambia,223.7,17.46726,1882.24,47.8,56.0,0.977257176900937,0.30646466418696044,0.987758915991867,0.8581687612208257,0.8057553956834532,3.9354049139840437
Georgia,2309.7,24.85,11984.9,0.0,0.0,0.7651806056687275,0.4359955084567338,0.9220566092904875,0.0,0.0,2.1232327234159487
Germany,3731.5,12.46003,46177.62,0.0,0.0,0.6206310040493814,0.21861235876201837,0.6996854143384258,0.0,0.0,1.5389287771498257
Ghana,373.82,24.14249,4267.07,42.7,47.5,0.961994983768924,0.4235821812056986,0.972249254962925,0.7666068222621185,0.6834532374100719,3.8078864796097385
Gibraltar,3567.07,0.0,0.0,0.0,0.0,0.6373480465267123,0.0,1.0,0.0,0.0,1.6373480465267123
Greece,2241.01,16.63777,23450.77,0.0,0.0,0.7721640858594947,0.29191118674994737,0.847488712584259,0.0,0.0,1.911563985193701
Greenland,3526.91,0.0,0.0,0.0,0.0,0.6414309780227265,0.0,1.0,0.0,0.0,1.6414309780227265
Grenada,2066.67,0.0,0.0,0.0,0.0,0.7898886445501099,0.0,1.0,0.0,0.0,1.7898886445501099
Guadeloupe,3985.2,0.0,0.0,0.0,0.0,0.5948381823228179,0.0,1.0,0.0,0.0,1.594838182322818
Guam,1270.0,0.0,0.0,0.0,0.0,0.8708833914358072,0.0,1.0,0.0,0.0,1.8708833914358072
Guatemala,1222.65,29.56,7402.11,44.5,45.9,0.8756973059362123,0.5186328865183522,0.9518606286406404,0.7989228007181328,0.660431654676259,3.8055452764895965
Guernsey,8689.02,0.0,0.0,0.0,0.0,0.11661669752248605,0.0,1.0,0.0,0.0,1.116616697522486
Guinea,696.71,17.83777,1606.47,46.6,63.9,0.9291678485411348,0.31296529581023225,0.9895523768347578,0.8366247755834829,0.9194244604316547,3.9877347572012627
Guinea-Bissau,475.35,37.9,1501.41,45.7,59.400000000000006,0.9516727717472527,0.6649589444873324,0.9902356309818882,0.8204667863554758,0.8546762589928059,4.2820103925647555
Guyana,731.32,25.1,0.0,38.2,40.4,0.9256491667912082,0.4403817811776265,1.0,0.6858168761220826,0.581294964028777,3.6331427881196947
Haiti,444.95,50.43867,1729.04,44.6,51.7,0.95476343702312,0.8849510491964349,0.9887552469964392,0.800718132854578,0.743884892086331,4.373072758156903
Honduras,1022.22,34.911526,5041.64,41.6,46.5,0.896074346766544,0.6125258965541441,0.967211865235696,0.7468581687612208,0.6690647482014388,3.891735025519043
Hong Kong,4252.87,25.56271964,50839.37,0.0,0.0,0.5676250779020483,0.44850023931503963,0.6693678813060209,0.0,0.0,1.6854931985231087
Hungary,1227.46,12.29405,25622.81,0.0,0.0,0.875208289489603,0.2157002245771633,0.8333629241040305,0.0,0.0,1.9242714381707966
Iceland,4661.2,9.51407,43438.54,0.0,0.0,0.5261115465831374,0.1669252228226542,0.7174989282287888,0.0,0.0,1.4105356976345804
India,327.97,19.369,6806.5,43.3,46.7,0.966656398337954,0.33983086532388235,0.9557341580768887,0.7773788150807899,0.6719424460431656,3.7115426828626807
Indonesia,678.91,20.11727,11851.74,38.7,45.0,0.9309775143934519,0.35295933047933187,0.9229226108346704,0.6947935368043088,0.6474820143884892,3.549135006900252
Iran,932.63,19.71428189,17011.3,0.0,0.0,0.90518265933447,0.3458888674643834,0.8893675873493537,0.0,0.0,2.140439114148207
Iraq,1382.38,12.67895,12835.81,36.0,40.6,0.8594580965771899,0.2224533300582497,0.916522744962155,0.6463195691202872,0.5841726618705037,3.2289264025883853
Ireland,3021.14,12.26296,64684.3,0.0,0.0,0.6928509048837594,0.21515474770159307,0.5793278485701739,0.0,0.0,1.4873335011555264
Israel,0.0,23.134,0.0,0.0,0.0,1.0,0.40588813250052636,1.0,0.0,0.0,2.405888132500526
Italy,3467.23,20.87235,34364.17,0.0,0.0,0.6474984419590344,0.3662072777036985,0.7765137857872733,0.0,0.0,1.790219505450006
Ivory Coast,0.0,27.04145,0.0,0.0,0.0,1.0,0.474444697873535,1.0,0.0,0.0,2.474444697873535
Jamaica,565.78,31.96616,7272.98,40.0,38.7,0.9424790592177567,0.5608491823987648,0.9527004212164916,0.718132854578097,0.5568345323741007,3.730996049785211
Japan,3158.67,16.662889,38673.81,0.0,0.0,0.6788686945090874,0.29235190188785176,0.7484861881988625,0.0,0.0,1.7197067845958016
Jersey,5817.07,0.0,0.0,0.0,0.0,0.40859814946416606,0.0,1.0,0.0,0.0,1.408598149464166
Jordan,1946.4,17.91185,11506.34,34.7,36.2,0.8021160890477599,0.31426503614288726,0.925168908021219,0.6229802513464991,0.520863309352518,3.1853935939108835
Kazakhstan,701.0,10.33987,25307.56,33.3,33.3,0.9287316987374022,0.18141395887430695,0.8354131417880474,0.5978456014362656,0.479136690647482,3.0225410914835042
Kenya,863.29,33.14821,3377.47,43.6,47.5,0.9122322228288331,0.5815883570776896,0.9780347383941745,0.7827648114901257,0.6834532374100719,3.9380733672008947
Kiribati,2206.45,19.35687,0.0,0.0,0.0,0.7756776842783755,0.3396180433714647,1.0,0.0,0.0,2.11529572764984
Korea (North),192.22575,0.0,0.0,0.0,0.0,0.9804570575443241,0.0,1.0,0.0,0.0,1.980457057544324
Korea (South),2593.42,0.0,0.0,0.0,0.0,0.7363357519822449,0.0,1.0,0.0,0.0,1.7363357519822449
Kuwait,0.0,0.0,0.0,0.0,0.0,1.0,0.0,1.0,0.0,0.0,2.0
Kyrgyzstan,201.87,13.83059,5176.99,40.2,37.1,0.9794765592355483,0.24265895852340516,0.9663316211007819,0.7217235188509874,0.5338129496402878,3.4440036073510107
Lao,0.0,20.58334,0.0,0.0,0.0,1.0,0.3611365709874377,1.0,0.0,0.0,2.361136570987438
Lao People's Democratic Republic,0.0,0.0,0.0,43.4,51.4,1.0,0.0,1.0,0.7791741472172351,0.7395683453237409,3.518742492540976
Laos,206.42,0.0,6450.91,0.0,0.0,0.9790139761103774,0.0,0.9580467255828666,0.0,0.0,1.9370607016932442
Latvia,1654.0727,17.45024,24312.68,0.0,0.0,0.8318360178404587,0.3061660467401221,0.8418833101289663,0.0,0.0,1.9798853747095473
Lebanon,753.33,0.0,12558.97,0.0,0.0,0.923411484464832,0.0,0.9183231645137593,0.0,0.0,1.8417346489785913
Lesotho,540.54,29.57664,2731.47,39.8,44.3,0.9450451247296938,0.5189248368306548,0.9822359774865612,0.7145421903052064,0.637410071942446,3.7981582012945623
Liberia,334.39,19.74577,818.42,48.0,56.6,0.9660036986316689,0.34644132921608534,0.9946774332848435,0.8617594254937163,0.8143884892086332,3.9832703758349473
Libya,417.18,0.0,15013.31,0.0,0.0,0.9575867190859764,0.0,0.90236144755709,0.0,0.0,1.8599481666430664
Liechtenstein,5224.04,0.0,0.0,0.0,0.0,0.4688895056663891,0.0,1.0,0.0,0.0,1.468889505666389
Lithuania,903.87466,17.05362,27370.55,0.0,0.0,0.9081061175855805,0.29920731279388024,0.8219965562846374,0.0,0.0,2.029309986664098
Luxembourg,4767.44,16.6522,57427.5,0.0,0.0,0.5153104847769485,0.2921643624113973,0.6265222012723901,0.0,0.0,1.433997048460736
Macao,856.26,0.0,0.0,0.0,0.0,0.9129469391738774,0.0,1.0,0.0,0.0,1.9129469391738774
Macedonia,677.0,0.0,0.0,0.0,0.0,0.9311716976394028,0.0,1.0,0.0,0.0,1.9311716976394027
"Macedonia, The former Yugoslav Republic of",0.0,0.0,0.0,36.3,35.5,1.0,0.0,1.0,0.6517055655296229,0.5107913669064749,3.1624969324360976
Madagascar,250.87,27.557,1427.6,45.3,53.8,0.9744948948106307,0.4834900694785599,0.9907156518137907,0.8132854578096947,0.7741007194244603,4.0360867933371365
Malawi,132.38,31.27695,1116.64,42.4,47.0,0.986541372723049,0.548756930310899,0.9927379696282931,0.7612208258527827,0.6762589928057554,3.9655160913207794
Malaysia,1236.17,0.0,24842.36,0.0,0.0,0.8743227732214187,0.0,0.8384385542118528,0.0,0.0,1.7127613274332716
Maldives,1099.61,25.8459,0.0,33.3,35.8,0.8882063669738015,0.4534686644676819,1.0,0.5978456014362656,0.5151079136690647,3.454628546546814
Mali,478.58,16.56372,1667.3,46.29999999999999,60.5,0.9513443885616918,0.29061197277001893,0.9891567709926683,0.831238779174147,0.8705035971223022,3.932855508620828
Malta,4439.75,13.85802,32028.91,0.0,0.0,0.5486256197851378,0.24314022036634148,0.7917010700022684,0.0,0.0,1.5834669101537477
Marshall Islands,2070.0,0.0,0.0,0.0,0.0,0.7895500947024574,0.0,1.0,0.0,0.0,1.7895500947024574
Martinique,2949.26,0.0,0.0,0.0,0.0,0.7001587015952508,0.0,1.0,0.0,0.0,1.7001587015952508
Mauritania,44.623043,17.33987,3457.52,47.0,56.6,0.99546332600317,0.3042295950593024,0.9775141359338874,0.8438061041292638,0.8143884892086332,3.935401650334257
Mauritius,901.53,18.18098242,20138.57,0.0,0.0,0.908344491244979,0.3189869889115025,0.8690294929585672,0.0,0.0,2.0963609731150488
Mayotte,2389.01,0.0,0.0,0.0,0.0,0.7571174259638249,0.0,1.0,0.0,0.0,1.757117425963825
Mexico,1681.97,29.798888,16494.08,38.0,41.1,0.8289997936167596,0.5228241981893467,0.8927313100790197,0.6822262118491921,0.5913669064748202,3.5181484202091378
Micronesia,1250.0,26.38098943,0.0,0.0,0.0,0.8729167238541409,0.46285685714787,1.0,0.0,0.0,2.3357735810020106
Moldova,1318.68,10.43722208,6746.73,0.0,0.0,0.8659342603295829,0.18312200996561162,0.9561228702449257,0.0,0.0,2.00517914054012
"Moldova, Republic of",0.0,0.0,0.0,42.2,34.7,1.0,0.0,1.0,0.7576301615798923,0.4992805755395684,3.256910737119461
Monaco,4112.05,0.0,0.0,0.0,0.0,0.5819417714595361,0.0,1.0,0.0,0.0,1.581941771459536
Mongolia,515.76,16.94628,13382.54,36.4,42.0,0.9475644235960093,0.2973240227384378,0.9129671049482532,0.6535008976660681,0.60431654676259,3.4156729957113585
Montenegro,2621.56,16.92405,19504.16,47.2,41.1,0.7334748532696493,0.296933995368096,0.8731553568790023,0.8473967684021544,0.5913669064748202,3.3423278803937224
Montserrat,859.26,0.0,0.0,0.0,0.0,0.9126419393111274,0.0,1.0,0.0,0.0,1.9126419393111274
Morocco,1634.24,22.50352,8451.14,36.2,44.4,0.833852341433113,0.39482630360025267,0.9450382976110948,0.6499102333931778,0.6388489208633094,3.462476096900948
Mozambique,549.81,28.39454,1132.77,49.6,57.2,0.9441026751537962,0.49818478489718576,0.9926330687203052,0.8904847396768402,0.823021582733813,4.14842685118194
Myanmar,228.46,0.0,5838.22,41.7,44.8,0.9767732437853737,0.0,0.9620313342198858,0.7486535008976661,0.6446043165467625,3.3320623954496877
Namibia,821.41,53.58558,9043.12,43.0,46.89999999999999,0.9164900209128239,0.9401638711488525,0.9411883757567433,0.7719928186714542,0.674820143884892,4.244655230374766
Nauru,0.0,0.0,0.0,0.0,0.0,1.0,0.0,1.0,0.0,0.0,2.0
Nepal,551.13,16.31632,2727.42,43.8,44.2,0.9439684752141861,0.28627131728542354,0.9822623165242147,0.7863554757630161,0.6359712230215828,3.6348288078084234
Netherlands,4756.87,11.89275,47474.11,0.0,0.0,0.516385100960038,0.20865937960558634,0.6912537355909205,0.0,0.0,1.416298216156545
Netherlands Antilles,2268.16,0.0,0.0,0.0,0.0,0.7694038371016066,0.0,1.0,0.0,0.0,1.7694038371016068
New Caledonia,664.3,0.0,0.0,0.0,0.0,0.9324628637250447,0.0,1.0,0.0,0.0,1.9324628637250447
New Zealand,4196.41,16.44939836,35336.14,0.0,0.0,0.5733651753190044,0.2886061892062601,0.7701926118544139,0.0,0.0,1.6321639763796782
Nicaragua,449.1,30.693801,4952.48,40.0,45.8,0.9543415205463157,0.5385255281072355,0.9677917142720385,0.718132854578097,0.6589928057553956,3.8377844232590825
Niger,480.19,16.43389921,964.66,51.2,69.5,0.9511807053020159,0.28833425521089195,0.9937263664042388,0.9192100538599641,1.0,4.15245138077711
Nigeria,389.85,28.05169,5237.66,47.0,59.5,0.9603652678356295,0.4921694504877535,0.9659370558132663,0.8438061041292638,0.8561151079136691,4.1183929861795825
North Korea,0.0,0.0,0.0,0.0,0.0,1.0,0.0,1.0,0.0,0.0,2.0
North Macedonia,0.0,19.15726,0.0,0.0,0.0,1.0,0.3361158677801951,1.0,0.0,0.0,2.336115867780195
Northern Mariana Islands,1820.0,0.0,0.0,0.0,0.0,0.8149667499316292,0.0,1.0,0.0,0.0,1.8149667499316293
Norway,4420.02,11.43144,84580.14,0.0,0.0,0.5506315022158239,0.2005656537300863,0.4499359278521081,0.0,0.0,1.2011330837980183
Oman,3932.29,20.08885691,36477.64,0.0,0.0,0.6002173632355199,0.3524608202329988,0.7627689053157771,0.0,0.0,1.7154470887842959
Pakistan,245.34,17.23416,5510.4,43.29999999999999,53.6,0.9750571112242999,0.30237490350200014,0.9641633004726199,0.7773788150807898,0.7712230215827338,3.7901971518624435
Palau,2380.0,0.0,0.0,0.0,0.0,0.7580334422182844,0.0,1.0,0.0,0.0,1.7580334422182844
Palestine,1510.0,0.0,5207.76,0.0,0.0,0.8464834024158022,0.0,0.9661315094492761,0.0,0.0,1.8126149118650783
"Palestine, State of",0.0,31.64,0.0,0.0,0.0,1.0,0.5551266755561793,1.0,0.0,0.0,2.5551266755561794
"Palestine, State ofa",0.0,0.0,0.0,38.5,36.2,1.0,0.0,1.0,0.6912028725314183,0.520863309352518,3.2120661818839364
Panama,1890.0,36.569706,22637.15,0.0,0.0,0.8078500864674611,0.6416188153554635,0.8527800626621964,0.0,0.0,2.302248964485121
Papua New Guinea,1010.96,28.89932,0.0,0.0,0.0,0.8972191129180659,0.5070411958733946,1.0,0.0,0.0,2.4042603087914607
Paraguay,1019.69,30.441064,9338.95,0.0,0.0,0.8963315633174631,0.5340912344725945,0.9392644553841415,0.0,0.0,2.3696872531741993
Peru,1825.86,26.300654,12310.08,38.6,41.6,0.8143709835330575,0.4614473647273493,0.9199418121882238,0.6929982046678635,0.5985611510791368,3.4873195161956314
Philippines,728.78,28.09546,8139.14,42.7,49.9,0.9259074000083367,0.49293739911572737,0.947067379030328,0.7666068222621185,0.7179856115107913,3.850504611927302
Poland,1496.57,12.10742,27455.24,0.0,0.0,0.8478487851347134,0.21242578426556247,0.8214457777417052,0.0,0.0,1.8817203471419812
Portugal,2537.0,15.46189,27035.6,0.0,0.0,0.7420717827343644,0.2712802652817742,0.8241748922505738,0.0,0.0,1.8375269402667123
Puerto Rico,1483.0,0.0,35076.29,0.0,0.0,0.8492284011805528,0.0,0.7718825375171952,0.0,0.0,1.6211109386977478
Qatar,3846.15,0.0,153764.16,0.0,0.0,0.6089749259612833,0.0,0.0,0.0,0.0,0.6089749259612833
Reunion,1966.17,0.0,0.0,0.0,0.0,0.800106139952237,0.0,1.0,0.0,0.0,1.800106139952237
Romania,1739.87,20.89714,20126.29,0.0,0.0,0.8231132962656833,0.3666422205067022,0.8691093555221191,0.0,0.0,2.0588648722945044
Russia,975.51,0.0,24668.91,0.0,0.0,0.9008231946295624,0.0,0.8395665804046925,0.0,0.0,1.740389775034255
Russian Federation,0.0,17.645,0.0,0.0,0.0,1.0,0.30958312864060633,1.0,0.0,0.0,2.3095831286406066
Rwanda,525.39,27.19248,1929.29,44.2,48.4,0.9465853740365817,0.4770945329496807,0.9874529279124602,0.7935368043087971,0.6964028776978417,3.9010725169053613
Saint Kitts and Nevis,1092.59,0.0,0.0,0.0,0.0,0.8889200666526367,0.0,1.0,0.0,0.0,1.8889200666526367
Saint Lucia,922.22,27.39586,10475.37,36.7,35.2,0.9062410088582127,0.4806628535335813,0.931873786453228,0.658886894075404,0.5064748201438849,3.484139363064311
Saint Martin,3086.68,0.0,0.0,0.0,0.0,0.6861876745488797,0.0,1.0,0.0,0.0,1.6861876745488797
Saint Vincent and the Grenadines,1144.44,0.0,0.0,0.0,0.0,0.8836486523581064,0.0,1.0,0.0,0.0,1.8836486523581064
Samoa,808.66,21.87008,0.0,0.0,0.0,0.9177862703295117,0.3837125412309636,1.0,0.0,0.0,2.3014988115604753
San Marino,4450.32,0.0,0.0,0.0,0.0,0.5475510036020483,0.0,1.0,0.0,0.0,1.5475510036020483
Sao Tome and Principe,254.88163,26.209,3730.2,42.3,42.1,0.9740870459441626,0.4598392869675065,0.9757407708012062,0.7594254937163374,0.6057553956834533,3.774847993112666
Saudi Arabia,3840.0,0.0,50304.75,0.0,0.0,0.609600175679921,0.0,0.6728447643456057,0.0,0.0,1.2824449400255267
Senegal,493.08,23.384,2617.12,47.7,58.3,0.9498702225583998,0.41027440522141906,0.9829796488336424,0.8563734290843806,0.8388489208633093,4.038346626561151
Serbia,1120.04,18.49592,14124.12,41.4,40.3,0.8861293179084736,0.3245125973752544,0.9081442645672437,0.7432675044883302,0.5798561151079137,3.4419097994472154
Seychelles,1246.44,29.34535638,29531.06,0.0,0.0,0.8732786570246043,0.5148669446978735,0.8079457527683954,0.0,0.0,2.196091354490873
Sierra Leone,249.1,19.85569,1683.85,48.2,59.8,0.9746748447296532,0.3483698856060074,0.9890491386289236,0.8653500897666069,0.8604316546762589,4.03787561340745
Singapore,5647.06,24.96040064,68402.35,0.0,0.0,0.42588249168621206,0.43793249771913817,0.5551476364843406,0.0,0.0,1.4189626258896908
Slovakia,2114.16,9.06554,27075.53,0.0,0.0,0.7850604967227764,0.15905572320864622,0.8239152088497086,0.0,0.0,1.7680314287811312
Slovenia,1934.46,8.30524,29244.92,0.0,0.0,0.8033299885015052,0.14571619060986735,0.8098066545546114,0.0,0.0,1.7588528336659839
Solomon Islands,644.89,0.0,0.0,0.0,0.0,0.9344362128370376,0.0,1.0,0.0,0.0,1.9344362128370376
Somalia,392.16,24.35,0.0,52.4,67.2,0.9601304179413119,0.42722296301494844,1.0,0.940754039497307,0.9669064748201439,4.295013895273711
South Africa,1441.44,56.996,12165.79,37.4,39.7,0.8534536659458503,1.0,0.9208801973099583,0.6714542190305206,0.5712230215827339,4.017011103869063
South Korea,0.0,16.13,0.0,0.0,0.0,1.0,0.2830023159519966,1.0,0.0,0.0,2.2830023159519968
South Sudan,0.0,32.25296,0.0,55.7,62.79999999999999,1.0,0.5658811144641729,1.0,1.0,0.9035971223021582,4.4694782367663315
Spain,2579.28,19.31195,31496.52,0.0,0.0,0.7377733180020069,0.33882991788897465,0.7951634503124785,0.0,0.0,1.8717666862034599
Sri Lanka,249.68,22.36351,11662.91,0.0,0.0,0.9746158780895215,0.3923698154256439,0.9241506603359326,0.0,0.0,2.291136353851098
Sudan,67.61,33.0,3379.6,46.3,55.1,0.9931263197598228,0.5789879991578356,0.9780208860114087,0.8312387791741471,0.7928057553956834,4.174179739498897
Suriname,122.18,46.69631,0.0,36.7,42.3,0.9875783722563991,0.8192910028773949,1.0,0.658886894075404,0.6086330935251798,4.074389362734378
Swaziland,204.56,0.0,0.0,39.4,41.7,0.9792030760252824,0.0,1.0,0.7073608617594255,0.6000000000000001,3.2865639377847082
Sweden,3568.16,12.77164,45541.89,0.0,0.0,0.6372372299099132,0.22407958453224786,0.7038198628340961,0.0,0.0,1.5651366772762572
Switzerland,9836.07,15.58172,61372.73,0.0,0.0,0.0,0.27338269352235245,0.6008645317608472,0.0,0.0,0.8742472252831996
Syria,10.12,0.0,3349.46,0.0,0.0,0.9989711337963231,0.0,0.9782169004792794,0.0,0.0,1.9771880342756025
Syrian Arab Republic,0.0,0.0,0.0,35.5,38.5,1.0,0.0,1.0,0.637342908438061,0.5539568345323741,3.1912997429704353
Taiwan,3571.43,0.0,44663.86,0.0,0.0,0.6369047800595156,0.0,0.7095301011627158,0.0,0.0,1.3464348812222313
Tajikistan,959.78,14.4674,4440.38,36.3,41.3,0.9024224105765819,0.25383184784897184,0.9711221392553375,0.6517055655296229,0.5942446043165467,3.373326567527061
Tanzania,457.77,22.4,2874.96,0.0,0.0,0.953460070942968,0.39301003579198535,0.9813027951376966,0.0,0.0,2.32777290187265
"Tanzania, United Republic of",0.0,0.0,0.0,44.3,51.2,1.0,0.0,1.0,0.7953321364452423,0.7366906474820144,3.532022783927257
Thailand,2432.28,18.7899,16648.62,37.1,36.5,0.7527183112767599,0.3296705031932065,0.8917262644298906,0.6660682226211849,0.5251798561151079,3.16536315763615
The Democratic Republic of the Congo,0.0,27.63249,0.0,0.0,0.0,1.0,0.48481454838936067,1.0,0.0,0.0,2.4848145483893607
Timor-Leste,0.0,13.58745,0.0,47.3,53.7,1.0,0.23839304512597376,1.0,0.8491921005385995,0.7726618705035971,3.86024701616817
Togo,787.96,26.85326,1451.36,41.5,51.9,0.9198907693824872,0.47114288722015574,0.9905611294595568,0.7450628366247756,0.7467625899280576,3.8734202126150326
Tonga,668.09,18.24092,0.0,0.0,0.0,0.9320775472317704,0.3200385991999438,1.0,0.0,0.0,2.2521161464317143
Trinidad and Tobago,1258.11,0.0,28549.41,33.6,35.4,0.8720922075585066,0.0,0.8143298802529797,0.6032315978456014,0.5093525179856115,2.7990062036426995
Tunisia,1088.33,16.88955,11353.89,35.6,38.7,0.8893531664577418,0.2963286897326128,0.9261603614262257,0.6391382405745063,0.5568345323741007,3.307814990565187
Turkey,254.1,23.07928288,19270.22,0.0,0.0,0.9741665116250697,0.40492811565723913,0.8746767777354618,0.0,0.0,2.253771405017771
Turkmenistan,1342.86,26.20491,26318.37,33.9,34.3,0.8634759614358174,0.4597675275457927,0.8288393732323579,0.6086175942549371,0.49352517985611505,3.2542256363250197
Turks and Caicos Islands,1350.0,0.0,0.0,0.0,0.0,0.8627500617624722,0.0,1.0,0.0,0.0,1.8627500617624722
Tuvalu,0.0,22.94714,0.0,0.0,0.0,1.0,0.4026096568180223,1.0,0.0,0.0,2.402609656818022
Uganda,645.21,24.94038796,2045.42,45.5,52.9,0.9344036795183442,0.4375813734297143,0.9866976803957437,0.8168761220825852,0.7611510791366907,3.936709934563078
Ukraine,530.73,8.524722702,9813.36,33.7,36.3,0.9460424742808866,0.14956703456382903,0.9361791460376723,0.6050269299820467,0.5223021582733812,3.159117743137816
United Arab Emirates,3324.25,0.0,76397.82,0.0,0.0,0.6620347354177023,0.0,0.5031493684874291,0.0,0.0,1.1651841039051314
United Kingdom,6300.0,17.96959,38058.09,0.0,0.0,0.35950028822487023,0.3152780896905046,0.7524905023381261,0.0,0.0,1.427268880253501
United States,6966.0,23.222,55334.74,0.0,0.0,0.29179031869435657,0.4074321004982806,0.6401323949612185,0.0,0.0,1.3393548141538556
Uruguay,773.64,23.543408,20185.84,0.0,0.0,0.9213466353940141,0.4130712330689873,0.8687220741166212,0.0,0.0,2.2031399425796225
Uzbekistan,97.25,0.0,11220.37,33.9,36.6,0.9901129211158521,0.0,0.9270287042182002,0.6086175942549371,0.5266187050359712,3.0523779246249605
Vanuatu,750.74,19.68256999,0.0,39.3,43.0,0.9236748010130063,0.3453324792967928,1.0,0.7055655296229801,0.6187050359712231,3.5932778459040025
Venezuela,3282.02,21.0,10709.95,0.0,0.0,0.666328116819014,0.3684469085549863,0.9303482033784726,0.0,0.0,1.9651232287524731
Viet Nam,0.0,14.60094,0.0,36.9,41.4,1.0,0.2561748192855639,1.0,0.6624775583482944,0.59568345323741,3.514335830871268
Vietnam,612.57,0.0,6814.14,0.0,0.0,0.9377220780250649,0.0,0.9556844715959818,0.0,0.0,1.8934065496210466
Virgin Islands (British),1600.0,0.0,0.0,0.0,0.0,0.8373334065333004,0.0,1.0,0.0,0.0,1.8373334065333005
Virgin Islands (US),2380.0,0.0,0.0,0.0,0.0,0.7580334422182844,0.0,1.0,0.0,0.0,1.7580334422182844
Western Sahara,908.56,0.0,0.0,0.0,0.0,0.9076297748999347,0.0,1.0,0.0,0.0,1.9076297748999347
Yemen,120.98,21.80323,2284.89,42.1,52.7,0.9877003722014992,0.38253965190539685,0.9851402953718214,0.755834829443447,0.758273381294964,3.8694885302171285
Zambia,0.26133504,44.84022,3534.03,44.0,51.3,0.999973430949556,0.786725735139308,0.9770165557435491,0.7899461400359066,0.7381294964028776,4.291791358271197
Zimbabwe,555.40204,28.76901,1611.41,39.3,43.7,0.9435341513429653,0.5047548950803565,0.9895202497122867,0.7055655296229801,0.6287769784172662,3.772151804175855
